﻿pos_x,pos_y,rotation,side,designator,mpn,pack,footprint,value,mount_type,place
147.5,-57.25,-90.0,top,C1,,,C_Disc_D3.0mm_W2.0mm_P2.50mm,"0,1uF",tht,True
151.5,-98.75,90.0,top,C2,,,C_Disc_D3.0mm_W2.0mm_P2.50mm,"0,1uF",tht,True
140.25,-131.5,0.0,top,C3,,,C_Disc_D3.0mm_W2.0mm_P2.50mm,22pF,tht,True
149.75,-131.5,180.0,top,C4,,,C_Disc_D3.0mm_W2.0mm_P2.50mm,22pF,tht,True
172.75,-130.5,180.0,top,C5,,,C_Disc_D3.0mm_W2.0mm_P2.50mm,"0,1uF",tht,True
122.0,-122.75,-90.0,top,C6,,,C_Disc_D3.0mm_W2.0mm_P2.50mm,"0,1uF",tht,True
173.275,-136.0,180.0,top,D1,,,LED_D3.0mm,LED,tht,True
131.35,-60.5,180.0,bottom,J1,,,SolderJumper-2_P1.3mm_Bridged_RoundedPad1.0x1.5mm,Open for WDC65C02,tht,False
169.96,-121.5,0.0,top,J2,,,PinHeader_2x03_P2.54mm_Vertical,SPI,tht,True
148.5,-89.54,180.0,top,J3,,,PinHeader_1x03_P2.54mm_Vertical,ROM Select,tht,True
147.9024,-78.0,180.0,top,J4,,,SolderJumper-2_P1.3mm_Open_RoundedPad1.0x1.5mm,27C040,tht,False
147.85,-72.5,180.0,top,J5,,,SolderJumper-2_P1.3mm_Open_RoundedPad1.0x1.5mm,29F040,tht,False
147.5,-68.08,90.0,top,R1,,,R_Axial_DIN0204_L3.6mm_D1.6mm_P5.08mm_Horizontal,"3,3K",tht,True
151.5,-108.0,90.0,top,R2,,,R_Axial_DIN0204_L3.6mm_D1.6mm_P5.08mm_Horizontal,10K,tht,True
166.5,-138.04,90.0,top,R3,,,R_Axial_DIN0204_L3.6mm_D1.6mm_P5.08mm_Horizontal,560R,tht,True
159.25,-135.5,0.0,top,SW1,,,JTP-1130,JTP-1130,tht,True
122.4772,-58.1132,0.0,top,U1,,,6502PCB_DIP-40_W15.24mm,6502PCBSocket,tht,True
165.42,-101.5,0.0,top,U2,,,PLCC-32_THT-Socket,EPROM,tht,True
130.0,-132.0,0.0,top,U3,,,SOIC-20W_7.5x12.8mm_P1.27mm,74HCT273N,smt,True
159.75,-125.75,0.0,top,U4,,,TQFP-32_7x7mm_P0.8mm,ATmega328,smt,True
130.0,-116.5,0.0,top,U5,,,SOIC-20W_7.5x12.8mm_P1.27mm,ATF16V8,smt,True
145.0,-119.245,0.0,top,U6,,,SOP-28_8.4x18.16mm_P1.27mm,HM62256,smt,True
147.5,-136.5,180.0,top,Y1,,,Crystal_HC49-4H_Vertical,20MHz,tht,True
