﻿pos_x,pos_y,rotation,side,designator,mpn,pack,footprint,value,mount_type,place
144.5,-57.25,-90.0,top,C1,,,C_Disc_D3.0mm_W2.0mm_P2.50mm,"0,1uF",tht,True
170.0,-118.5,0.0,top,C2,,,C_Disc_D3.0mm_W2.0mm_P2.50mm,"0,1uF",tht,True
146.5,-110.75,90.0,top,C3,,,C_Disc_D3.0mm_W2.0mm_P2.50mm,22pF,tht,True
146.5,-115.25,-90.0,top,C4,,,C_Disc_D3.0mm_W2.0mm_P2.50mm,22pF,tht,True
150.5,-86.25,-90.0,top,C5,,,C_Disc_D3.0mm_W2.0mm_P2.50mm,"0,1uF",tht,True
136.0,-126.75,90.0,top,C6,,,C_Disc_D3.0mm_W2.0mm_P2.50mm,"0,1uF",tht,True
148.725,-58.5,0.0,top,D1,,,LED_D3.0mm,LED,tht,True
130.85,-60.0,180.0,bottom,J1,,,SolderJumper-2_P1.3mm_Bridged_RoundedPad1.0x1.5mm,Open for WDC65C02,tht,False
144.96,-96.975,0.0,top,J2,,,PinHeader_2x03_P2.54mm_Vertical,SPI,tht,True
150.5,-76.42,0.0,top,J3,,,PinHeader_1x03_P2.54mm_Vertical,ROM Select,tht,True
130.85,-75.0,180.0,bottom,J4,,,SolderJumper-2_P1.3mm_Open_RoundedPad1.0x1.5mm,27C040,tht,False
130.85,-69.5,180.0,bottom,J5,,,SolderJumper-2_P1.3mm_Open_RoundedPad1.0x1.5mm,29F040,tht,False
145.5,-64.96,-90.0,top,R1,,,R_Axial_DIN0204_L3.6mm_D1.6mm_P5.08mm_Horizontal,"3,3K",tht,True
163.0,-118.0,180.0,top,R2,,,R_Axial_DIN0204_L3.6mm_D1.6mm_P5.08mm_Horizontal,10K,tht,True
151.0,-65.0,-90.0,top,R3,,,R_Axial_DIN0204_L3.6mm_D1.6mm_P5.08mm_Horizontal,560R,tht,True
138.25,-114.75,0.0,top,SW1,,,JTP-1130,JTP-1130,tht,True
122.4772,-58.1132,0.0,top,U1,,,6502PCB_DIP-40_W15.24mm,6502PCBSocket,tht,True
167.96,-99.96,0.0,top,U2,,,PLCC-32_THT-Socket,EPROM,tht,True
143.54,-133.88,-90.0,top,U3,,,DIP-20_W7.62mm,74HCT273N,tht,True
172.12,-122.38,-90.0,top,U4,,,DIP-28_W7.62mm,ATmega328,tht,True
172.04,-133.88,-90.0,top,U5,,,DIP-20_W7.62mm,ATF16V8,tht,True
126.0,-121.285,0.0,top,U6,,,SOP-28_8.4x18.16mm_P1.27mm,HM62256,smt,True
152.5,-114.95,90.0,top,Y1,,,Crystal_HC49-4H_Vertical,20MHz,tht,True
